{
  "n_blind_clips_with_gt": 126,
  "finding_1_f1_magnet": {
    "blind_accuracy": 0.41517857142857145,
    "blind_accuracy_pct": 41.517857142857146,
    "blind_ci_95": [
      35.2609151325626,
      48.06083120348841
    ],
    "n_comparisons": 224,
    "f1_as_wrong_prediction_pct": 28.037383177570092,
    "total_wrong": 107,
    "f1_wrong_count": 30
  },
  "finding_2_gradient": {
    "per_class": {
      "A1": {
        "accuracy_pct": 50.0,
        "ci_95": [
          32.06030631500207,
          67.93969368499792
        ],
        "n": 26,
        "correct": 13
      },
      "A3": {
        "accuracy_pct": 33.33333333333333,
        "ci_95": [
          6.14903152761605,
          79.23450448735122
        ],
        "n": 3,
        "correct": 1
      },
      "A4": {
        "accuracy_pct": 20.0,
        "ci_95": [
          3.6223160969787447,
          62.44717358814613
        ],
        "n": 5,
        "correct": 1
      },
      "A5": {
        "accuracy_pct": 60.0,
        "ci_95": [
          23.07199322088371,
          88.23817688407468
        ],
        "n": 5,
        "correct": 3
      },
      "B1": {
        "accuracy_pct": 54.285714285714285,
        "ci_95": [
          38.189451340137516,
          69.53422636623914
        ],
        "n": 35,
        "correct": 19
      },
      "B2": {
        "accuracy_pct": 16.666666666666664,
        "ci_95": [
          3.005258587173032,
          56.350943656364606
        ],
        "n": 6,
        "correct": 1
      },
      "B3": {
        "accuracy_pct": 0.0,
        "ci_95": [
          0,
          79.34567085261071
        ],
        "n": 1,
        "correct": 0
      },
      "B4": {
        "accuracy_pct": 0.0,
        "ci_95": [
          0,
          79.34567085261071
        ],
        "n": 1,
        "correct": 0
      },
      "B5": {
        "accuracy_pct": 55.00000000000001,
        "ci_95": [
          34.20820083075997,
          74.18049791429071
        ],
        "n": 20,
        "correct": 11
      },
      "B6": {
        "accuracy_pct": 25.0,
        "ci_95": [
          4.558606264463622,
          69.93639475573634
        ],
        "n": 4,
        "correct": 1
      },
      "B7": {
        "accuracy_pct": 16.0,
        "ci_95": [
          6.403347608577989,
          34.65401398023816
        ],
        "n": 25,
        "correct": 4
      },
      "B9": {
        "accuracy_pct": 0.0,
        "ci_95": [
          0,
          79.34567085261071
        ],
        "n": 1,
        "correct": 0
      },
      "C2": {
        "accuracy_pct": 100.0,
        "ci_95": [
          20.654329147389294,
          100
        ],
        "n": 1,
        "correct": 1
      },
      "C4": {
        "accuracy_pct": 50.0,
        "ci_95": [
          9.452865480086615,
          90.54713451991339
        ],
        "n": 2,
        "correct": 1
      },
      "D1": {
        "accuracy_pct": 100.0,
        "ci_95": [
          34.23719528896193,
          100
        ],
        "n": 2,
        "correct": 2
      },
      "E1": {
        "accuracy_pct": 33.33333333333333,
        "ci_95": [
          15.176100694691236,
          58.28687484878701
        ],
        "n": 15,
        "correct": 5
      },
      "E2": {
        "accuracy_pct": 33.33333333333333,
        "ci_95": [
          6.14903152761605,
          79.23450448735122
        ],
        "n": 3,
        "correct": 1
      },
      "F1": {
        "accuracy_pct": 63.1578947368421,
        "ci_95": [
          41.03915749815672,
          80.85072762372616
        ],
        "n": 19,
        "correct": 12
      },
      "F2": {
        "accuracy_pct": 27.27272727272727,
        "ci_95": [
          9.745880573921466,
          56.56502930102463
        ],
        "n": 11,
        "correct": 3
      },
      "X1": {
        "accuracy_pct": 0.0,
        "ci_95": [
          0,
          79.34567085261071
        ],
        "n": 1,
        "correct": 0
      }
    },
    "spread_pp": 100.0,
    "macro_accuracy_pct": 36.86915014809752
  },
  "finding_3_degradation": {
    "clear": {
      "accuracy_pct": 45.614035087719294,
      "n": 57
    },
    "dust": {
      "accuracy_pct": 42.5,
      "n": 80
    },
    "glare": {
      "accuracy_pct": 33.33333333333333,
      "n": 36
    },
    "low_light": {
      "accuracy_pct": 66.66666666666666,
      "n": 3
    },
    "smoke": {
      "accuracy_pct": 40.0,
      "n": 5
    },
    "steam": {
      "accuracy_pct": 60.0,
      "n": 5
    }
  },
  "finding_4_safety": {
    "n_clips_with_violations": 51,
    "vlm_detected": 44,
    "recall_pct": 86.27450980392157,
    "false_safe": 7,
    "false_safe_rate_pct": 13.725490196078432,
    "false_alarm": 46,
    "note": "Limited by N in blind subset"
  }
}